product_name,website,product_subclass,retailer
Χαραλαμπίδης Κρίστης Ραβιόλες με 100% Πισσουρκώτικο Χαλλούμι 400 g,https://www.alphamega.com.cy/el/προιοντα/κατεψυγμενα/κατεψυγμενα-γευματα-για-παρτι-ραβιολες/ραβιολες/χαραλαμπιδης-κριστης-ραβιολες-με-100-πισσουρκωτικο-χαλλουμι-400-g,Pasta products and couscous,Alpha Mega
Hercules Ραβιόλες με Φρέσκο Χαλλούμι & Αναρή 400 g,https://www.alphamega.com.cy/el/προιοντα/κατεψυγμενα/κατεψυγμενα-γευματα-για-παρτι-ραβιολες/ραβιολες/hercules-ραβιολες-με-φρεσκο-χαλλουμι-αναρη-400-g,Pasta products and couscous,Alpha Mega
Mitsides Χωριάτικες Ραβιόλες 375 g,https://www.alphamega.com.cy/el/προιοντα/κατεψυγμενα/κατεψυγμενα-γευματα-για-παρτι-ραβιολες/ραβιολες/mitsides-χωριατικες-ραβιολες-375-g,Pasta products and couscous,Alpha Mega
7 ΘΑΛΑΣΣΕΣ Κατεψυγμένες Βρασμένες Γαρίδες Vannamei 40/60 500 g,https://www.alphamega.com.cy/el/προιοντα/κατεψυγμενα/κατεψυγμενα-ψαρια-θαλασσινα/κατεψυγμενη-γαριδα-καραβιδα/7-θαλασσεσ-κατεψυγμενες-βρασμενες-γαριδες-vannamei-40-60-500-g,Frozen Seafood,Alpha Mega
Foodpax Χταπόδι Ινδοειρηνικού 100/200 800 g,https://www.alphamega.com.cy/el/προιοντα/κατεψυγμενα/κατεψυγμενα-ψαρια-θαλασσινα/κατεψυγμενα-θαλασσινα/foodpax-χταποδι-ινδοειρηνικου-100-200-800-g,Frozen Seafood,Alpha Mega
Foodpax Θράψαλο Ροδέλες (Dosidicus Gigas) Κατεψυγμένο 700 g,https://www.alphamega.com.cy/el/προιοντα/κατεψυγμενα/κατεψυγμενα-ψαρια-θαλασσινα/κατεψυγμενα-θαλασσινα/foodpax-θραψαλο-ροδελες-dosidicus-gigas-κατεψυγμενο-700-g,Frozen Seafood,Alpha Mega
Donegal Catch 4 Φιλέτα Σολομού με Δέρμα 400 g,https://www.alphamega.com.cy/el/προιοντα/κατεψυγμενα/κατεψυγμενα-ψαρια-θαλασσινα/κατεψυγμενα-ψαρια/donegal-catch-4-φιλετα-σολομου-με-δερμα-400-g,Frozen Fish,Alpha Mega
Qualifood Φιλέτο Κοκκινόψαρου 525 g,https://www.alphamega.com.cy/el/προιοντα/κατεψυγμενα/κατεψυγμενα-ψαρια-θαλασσινα/κατεψυγμενα-ψαρια/qualifood-φιλετο-κοκκινοψαρου-525-g,Frozen Fish,Alpha Mega
Findus Σολομός 4 Φιλέτα 4x125 g,https://www.alphamega.com.cy/el/προιοντα/κατεψυγμενα/κατεψυγμενα-ψαρια-θαλασσινα/κατεψυγμενα-ψαρια/findus-σολομος-4-φιλετα-4x125-g,Frozen Fish,Alpha Mega
Qualifood Σολομός 4x125 g,https://www.alphamega.com.cy/el/προιοντα/κατεψυγμενα/κατεψυγμενα-ψαρια-θαλασσινα/κατεψυγμενα-ψαρια/qualifood-σολομος-4x125-g,Frozen Fish,Alpha Mega
Qualifood Πανγκάσιους Φιλέτο 800 g,https://www.alphamega.com.cy/el/προιοντα/κατεψυγμενα/κατεψυγμενα-ψαρια-θαλασσινα/κατεψυγμενα-ψαρια/qualifood-πανγκασιους-φιλετο-800-g,Frozen Fish,Alpha Mega
Birds Eye 14 Fish Fingers 350 g,https://www.alphamega.com.cy/el/προιοντα/κατεψυγμενα/κατεψυγμενα-ψαρια-θαλασσινα/κατεψυγμενα-ψαρια-πανε/birds-eye-14-fish-fingers-350-g,Frozen Seafood,Alpha Mega
Birds Eye 4 Μεγάλα Παναρισμένα Φιλέτα Μπακαλιάρου 440 g,https://www.alphamega.com.cy/el/προιοντα/κατεψυγμενα/κατεψυγμενα-ψαρια-θαλασσινα/κατεψυγμενα-ψαρια-πανε/birds-eye-4-μεγαλα-παναρισμενα-φιλετα-μπακαλιαρου-440-g,Frozen Seafood,Alpha Mega
Donegal Catch 4 Φιλέτα Ψαριού με Επικάλυψη Φρυγανιάς 400 g,https://www.alphamega.com.cy/el/προιοντα/κατεψυγμενα/κατεψυγμενα-ψαρια-θαλασσινα/κατεψυγμενα-ψαρια-πανε/donegal-catch-4-φιλετα-ψαριου-με-επικαλυψη-φρυγανιας-400-g,Frozen Seafood,Alpha Mega
Alera Μπιφτέκια Black Angus 2x150 g,https://www.alphamega.com.cy/el/προιοντα/κατεψυγμενα/κατεψυγμενα-μπιφτεκια-κρεας/κατεψυγμενα-μπιφτεκια/alera-μπιφτεκια-black-angus-2x150-g,Other meat preparations,Alpha Mega
Bird's Eye 4 Χορτοφαγικά Μπιφτέκια 454 g,https://www.alphamega.com.cy/el/προιοντα/κατεψυγμενα/εναλλακτικο-κρεας-χορτοφαγικα/birds-eye-4-χορτοφαγικα-μπιφτεκια-454-g,Ready-made meals,Alpha Mega
Γρηγορίου 4 Βοδινά Μπιφτέκια 480 g,https://www.alphamega.com.cy/el/προιοντα/κατεψυγμενα/κατεψυγμενα-μπιφτεκια-κρεας/κατεψυγμενα-μπιφτεκια/γρηγοριου-4-βοδινα-μπιφτεκια-480-g,Other meat preparations,Alpha Mega
Γρηγορίου 6 Χοιρινά Μπιφτέκια 480 g,https://www.alphamega.com.cy/el/προιοντα/κατεψυγμενα/κατεψυγμενα-μπιφτεκια-κρεας/κατεψυγμενα-μπιφτεκια/γρηγοριου-6-χοιρινα-μπιφτεκια-480-g,Other meat preparations,Alpha Mega
Γρηγορίου Μπιφτέκια Γαλοπούλας 480 g,https://www.alphamega.com.cy/el/προιοντα/κατεψυγμενα/κατεψυγμενα-μπιφτεκια-κρεας/κατεψυγμενα-μπιφτεκια/γρηγοριου-μπιφτεκια-γαλοπουλας-480-g,Other meat preparations,Alpha Mega
Kyprianou Special Food 6 Μπιφτέκια Χοιρινά 900 g,https://www.alphamega.com.cy/el/προιοντα/κατεψυγμενα/κατεψυγμενα-μπιφτεκια-κρεας/κατεψυγμενα-μπιφτεκια/kyprianou-special-food-6-μπιφτεκια-χοιρινα-900-g,Other meat preparations,Alpha Mega
Edesma Μπουκιές Κοτόπουλου 500 g,https://www.alphamega.com.cy/el/προιοντα/κατεψυγμενα/παναρισμενο-κοτοπουλο-nuggets/edesma-μπουκιες-κοτοπουλου-500-g,Other meat preparations,Alpha Mega
Maitre Coq Παναρισμένες Κοτομπουκιές 1 kg,https://www.alphamega.com.cy/el/προιοντα/κατεψυγμενα/παναρισμενο-κοτοπουλο-nuggets/maitre-coq-παναρισμενες-κοτομπουκιες-1-kg,Other meat preparations,Alpha Mega
Alera Κοτομπουκιές 1 kg,https://www.alphamega.com.cy/el/προιοντα/κατεψυγμενα/παναρισμενο-κοτοπουλο-nuggets/alera-κοτομπουκιες-1-kg,Other meat preparations,Alpha Mega
Creta Farms Εν Eλλάδι Κοτομπουκιές 400 g,https://www.alphamega.com.cy/el/προιοντα/κατεψυγμενα/παναρισμενο-κοτοπουλο-nuggets/creta-farms-εν-eλλαδι-κοτομπουκιες-400-g,Other meat preparations,Alpha Mega
Creta Farms Εν Eλλάδι Σουτζουκάκια σε Σάλτσα 500 g,https://www.alphamega.com.cy/el/προιοντα/κατεψυγμενα/κατεψυγμενα-γευματα-για-παρτι-ραβιολες/κατεψυγμενα-γευματα/creta-farms-εν-eλλαδι-σουτζουκακια-σε-σαλτσα-500-g,Other meat preparations,Alpha Mega
Γ.Χαραλάμπους Κλασικός Καφές 200 g,https://www.alphamega.com.cy/el/προιοντα/τροφιμα/ζεστα-ροφηματα-γαλα/καφες/κυπριακος-καφες/γ-χαραλαμπους-κλασικος-καφες-200-g,Coffee,Alpha Mega
Γ.Χαραλάμπους Κλασικός Καφές 500 g,https://www.alphamega.com.cy/el/προιοντα/τροφιμα/ζεστα-ροφηματα-γαλα/καφες/κυπριακος-καφες/γ-χαραλαμπους-κλασικος-καφες-500-g,Coffee,Alpha Mega
Καφές Λαϊκού Χρυσός 200 g,https://www.alphamega.com.cy/el/προιοντα/τροφιμα/ζεστα-ροφηματα-γαλα/καφες/κυπριακος-καφες/καφες-λαικου-χρυσος-200-g,Coffee,Alpha Mega
Λαϊκός Χρυσός Καφές Παραδοσιακός 500 g,https://www.alphamega.com.cy/el/προιοντα/τροφιμα/ζεστα-ροφηματα-γαλα/καφες/κυπριακος-καφες/λαικος-χρυσος-καφες-παραδοσιακος-500-g,Coffee,Alpha Mega
Celest Στιγμιαίος Καφές 200 g,https://www.alphamega.com.cy/el/προιοντα/τροφιμα/ζεστα-ροφηματα-γαλα/καφες/στιγμιαιος-καφες/celest-στιγμιαιος-καφες-200-g,Coffee,Alpha Mega
Jacobs Monarch Εκλεκτός Στιγμιαίος Καφές 95 g,https://www.alphamega.com.cy/el/προιοντα/τροφιμα/ζεστα-ροφηματα-γαλα/καφες/στιγμιαιος-καφες/jacobs-monarch-εκλεκτος-στιγμιαιος-καφες-95-g,Coffee,Alpha Mega
Nescafé Azera Εσπρέσο 100 g,https://www.alphamega.com.cy/el/προιοντα/τροφιμα/ζεστα-ροφηματα-γαλα/καφες/στιγμιαιος-καφες/nescafe-azera-εσπρεσο-100-g,Coffee,Alpha Mega
Nescafe Classic Στιγμιαίος Καφές χωρίς Καφεΐνη 100 g,https://www.alphamega.com.cy/el/προιοντα/τροφιμα/ζεστα-ροφηματα-γαλα/καφες/στιγμιαιος-καφες/nescafe-classic-στιγμιαιος-καφες-χωρις-καφεινη-100-g,Coffee,Alpha Mega
Nescafe Στιγμιαίος Καφές Κλασσικός 100 g,https://www.alphamega.com.cy/el/προιοντα/τροφιμα/ζεστα-ροφηματα-γαλα/καφες/στιγμιαιος-καφες/nescafe-στιγμιαιος-καφες-κλασσικος-100-g,Coffee,Alpha Mega
Nescafe Στιγμιαίος Καφές Κλασσικός 200 g,https://www.alphamega.com.cy/el/προιοντα/τροφιμα/ζεστα-ροφηματα-γαλα/καφες/στιγμιαιος-καφες/nescafe-στιγμιαιος-καφες-κλασσικος-200-g,Coffee,Alpha Mega
Jacobs Gold Στιγμιαίος Καφές 95 g,https://www.alphamega.com.cy/el/προιοντα/τροφιμα/ζεστα-ροφηματα-γαλα/καφες/στιγμιαιος-καφες/jacobs-gold-στιγμιαιος-καφες-95-g,Coffee,Alpha Mega
Etosha Κάρβουνα 5 Kg,https://www.alphamega.com.cy/el/προιοντα/καθαριοτητα/οικιακη-χρηση-αποθηκευση-τροφιμων/εξοπλισμος-bbq/etosha-καρβουνα-5-kg,Coal,Alpha Mega
ΠΥΡΣΟΣ Κάρβουνα 5 kg,https://www.alphamega.com.cy/el/προιοντα/καθαριοτητα/οικιακη-χρηση-αποθηκευση-τροφιμων/εξοπλισμος-bbq/πυρσοσ-καρβουνα-5-kg,Coal,Alpha Mega
Ariel Color Απορρυπαντικό Ρούχων 50 Πλύσεις 2750 ml,https://www.alphamega.com.cy/el/προιοντα/καθαριοτητα/καθαριστικα-πλυντηριου/απορρυπαντικο/ariel-color-απορρυπαντικο-ρουχων-50-πλυσεις-2750-ml,Cleaning and maintenance products,Alpha Mega
Dixan Υγρό Απορρυπαντικό Τζελ Universal με Τεχνολογία Ενεργού Καθαρισμού 42 Πλύσεων 2 L,https://www.alphamega.com.cy/el/προιοντα/καθαριοτητα/καθαριστικα-πλυντηριου/απορρυπαντικο/dixan-υγρο-απορρυπαντικο-τζελ-universal-με-τεχνολογια-ενεργου-καθαρισμου-42-πλυσεων-2-l,Cleaning and maintenance products,Alpha Mega
Dixan Σκόνη Απορρυπαντικού Πλυντηρίου Ρούχων με Τεχνολογία Ενεργού Καθαρισμού Plus Φρεσκάδα Ωκεανού 66 Πλύσεις XXL Pack 3.3 Kg,https://www.alphamega.com.cy/el/προιοντα/καθαριοτητα/καθαριστικα-πλυντηριου/απορρυπαντικο/dixan-σκονη-απορρυπαντικου-πλυντηριου-ρουχων-με-τεχνολογια-ενεργου-καθαρισμου-plus-φρεσκαδα-ωκεανου-66-πλυσεις-xxl-pack-3-3-kg,Cleaning and maintenance products,Alpha Mega
Εύρηκα Active Care Σκόνη Πλυντηρίου XXL 75 Πλύσεις 4.125 Kg,https://www.alphamega.com.cy/el/προιοντα/καθαριοτητα/καθαριστικα-πλυντηριου/απορρυπαντικο/ευρηκα-active-care-σκονη-πλυντηριου-xxl-75-πλυσεις-4-125-kg,Cleaning and maintenance products,Alpha Mega
Εύρηκα Μασσαλίας Κλασσικό Υγρό Απορρυπαντικό Ρούχων 2.4 L,https://www.alphamega.com.cy/el/προιοντα/καθαριοτητα/καθαριστικα-πλυντηριου/απορρυπαντικο/ευρηκα-μασσαλιας-κλασσικο-υγρο-απορρυπαντικο-ρουχων-2-4-l,Cleaning and maintenance products,Alpha Mega
Εύρηκα Μασσαλίας Ylang-Ylang & Λεβάντα Υγρό Απορρυπαντικό Ρούχων 2.4 L,https://www.alphamega.com.cy/el/προιοντα/καθαριοτητα/καθαριστικα-πλυντηριου/απορρυπαντικο/ευρηκα-μασσαλιας-ylang-ylang-λεβαντα-υγρο-απορρυπαντικο-ρουχων-2-4-l,Cleaning and maintenance products,Alpha Mega
Comfort Gold Μαλακτικό ρούχων Lilies & Wild Berries 4 L,https://www.alphamega.com.cy/el/προιοντα/καθαριοτητα/καθαριστικα-πλυντηριου/μαλακτικα-ρουχων/comfort-gold-μαλακτικο-ρουχων-lilies-wild-berries-4-l,Cleaning and maintenance products,Alpha Mega
Comfort Gold Μαλακτικό Ρούχων Wild Orchid & Sandalwood 4 L,https://www.alphamega.com.cy/el/προιοντα/καθαριοτητα/καθαριστικα-πλυντηριου/μαλακτικα-ρουχων/comfort-gold-μαλακτικο-ρουχων-wild-orchid-sandalwood-2-l,Cleaning and maintenance products,Alpha Mega
Comfort Μαλακτικό Ρούχων Pure Soft 4 L,https://www.alphamega.com.cy/el/προιοντα/καθαριοτητα/καθαριστικα-πλυντηριου/μαλακτικα-ρουχων/comfort-μαλακτικο-ρουχων-pure-soft-4-l,Cleaning and maintenance products,Alpha Mega
Always Platinum 4 Secure Night Άνεση & Προστασία 10 Ultra Σερβιέτες με Άρωμα,https://www.alphamega.com.cy/el/προιοντα/φροντιδα/σερβιετες/σερβιετες/always-platinum-4-secure-night-ανεση-προστασια-10-ultra-σερβιετες-με-αρωμα,"Articles for personal hygiene and wellness, esoteric products and beauty products",Alpha Mega
Always Ultra Σερβιέτες Long Plus 16+8 Δώρο 24 Τεμάχια,https://www.alphamega.com.cy/el/προιοντα/φροντιδα/σερβιετες/σερβιετες/always-ultra-σερβιετες-long-plus-16-8-δωρο-24-τεμαχια,"Articles for personal hygiene and wellness, esoteric products and beauty products",Alpha Mega
Always Ultra Σερβιέτες Normal Plus 20+8 Δώρο 28 Τεμάχια,https://www.alphamega.com.cy/el/προιοντα/φροντιδα/σερβιετες/σερβιετες/always-ultra-σερβιετες-normal-plus-20-8-δωρο-28-τεμαχια,"Articles for personal hygiene and wellness, esoteric products and beauty products",Alpha Mega
Everyday Hyperdry XL Σερβιέτες 18 Τεμάχια,https://www.alphamega.com.cy/el/προιοντα/φροντιδα/σερβιετες/σερβιετες/everyday-hyperdry-xl-σερβιετες-18-τεμαχια,"Articles for personal hygiene and wellness, esoteric products and beauty products",Alpha Mega
Kleenex Scottonelle Δίφυλλο Χαρτί Υγείας 16 Ρολ,https://www.alphamega.com.cy/el/προιοντα/καθαριοτητα/ρολο-τουαλετας-κουζινας/χαρτι-υγειας/kleenex-scottonelle-διφυλλο-χαρτι-υγειας-16-ρολα,"Articles for personal hygiene and wellness, esoteric products and beauty products",Alpha Mega
Kleenex Scottonelle Χαρτί Υγείας Soft & Strong 24+8 Δώρο 32 Ρολά,https://www.alphamega.com.cy/el/προιοντα/καθαριοτητα/ρολο-τουαλετας-κουζινας/χαρτι-υγειας/kleenex-scottonelle-χαρτι-υγειας-soft-strong-24-8-δωρο-32-ρολα,"Articles for personal hygiene and wellness, esoteric products and beauty products",Alpha Mega
Αλφαμέγα Χαρτί Υγείας 2 φύλλα 24 Ρολά,https://www.alphamega.com.cy/el/προιοντα/καθαριοτητα/ρολο-τουαλετας-κουζινας/χαρτι-υγειας/αλφαμεγα-χαρτι-υγειας-2-φυλλα-24-ρολα,"Articles for personal hygiene and wellness, esoteric products and beauty products",Alpha Mega
Nannys Sensitive Βρεφικά Πανάκια Junior Νο5 12-25 kg 44 Τεμάχια,https://www.alphamega.com.cy/el/προιοντα/βρεφος/πανες/nannys-sensitive-βρεφικα-πανακια-junior-νο5-12-25-kg-44-τεμαχια,Baby Care,Alpha Mega
Nannys Baby Love Πάνες No 6 Jumbo 18-27 Kg 30 Τεμάχια,https://www.alphamega.com.cy/el/προιοντα/βρεφος/πανες/nannys-baby-love-πανες-no-6-jumbo-18-27-kg-30-τεμαχια,Baby Care,Alpha Mega
Pampers Active Baby Πάνες μίας Χρήσεως No.6 13-18 kg 68 Τεμάχια,https://www.alphamega.com.cy/el/προιοντα/βρεφος/πανες/pampers-active-baby-πανες-μιας-χρησεως-no-6-13-18-kg-68-τεμαχια,Baby Care,Alpha Mega
Pampers Premium Care Βρεφικά Πανάκια No.4 9-14 kg 52 Τεμάχια,https://www.alphamega.com.cy/el/προιοντα/βρεφος/πανες/pampers-premium-care-βρεφικα-πανακια-no-4-9-14-kg-52-τεμαχια,Baby Care,Alpha Mega
Hipp Βιολογική Βρεφική Βρώμη Δημητριακών 200 g,https://www.alphamega.com.cy/el/προιοντα/βρεφος/βρεφικο-γευμα/hipp-βιολογικη-βρεφικη-βρωμη-δημητριακων-200-g,Baby food,Alpha Mega
Nestle Φαρίν Λακτέ 6+ Μηνών 300 g,https://www.alphamega.com.cy/el/προιοντα/βρεφος/βρεφικο-γευμα/nestle-φαριν-λακτε-6-μηνων-300-g,Baby food,Alpha Mega
Hipp Fine Fruits Βιολογική Φρουτόκρεμα με Γάλα 6+ μηνών 250 g,https://www.alphamega.com.cy/el/προιοντα/βρεφος/βρεφικο-γευμα/hipp-fine-fruits-βιολογικη-φρουτοκρεμα-με-γαλα-6-μηνων-250-g,Baby food,Alpha Mega
ΝΟΥΝΟΥ Φαρίν Λακτέ Σιτάλευρο & Γάλα από 6+ Μηνών 300 g,https://www.alphamega.com.cy/el/προιοντα/βρεφος/βρεφικο-γευμα/νουνου-φαριν-λακτε-σιταλευρο-γαλα-απο-6-μηνων-300-g-1,Baby food,Alpha Mega
Γιώτης Φαρίν Λακτέ από 6+ Μηνών -0.50€ 300 g,https://www.alphamega.com.cy/el/προιοντα/βρεφος/βρεφικο-γευμα/γιωτης-φαριν-λακτε-απο-6-μηνων-0-50-300-g,Baby food,Alpha Mega
ΝΟΥΝΟΥ Frisogrow Ρόφημα Γάλακτος σε Σκόνη 1-3 Ετών Νο.3 800 g,https://www.alphamega.com.cy/el/προιοντα/βρεφος/βρεφικο-γαλα/νουνου-frisogrow-ροφημα-γαλακτος-σε-σκονη-1-3-ετων-νο-3-800-g,Baby food,Alpha Mega
ΝΟΥΝΟΥ Frisolac Γάλα για Βρέφη σε Σκόνη Νο1 6+ Μηνών 800 g,https://www.alphamega.com.cy/el/προιοντα/βρεφος/βρεφικο-γαλα/νουνου-frisolac-γαλα-για-βρεφη-σε-σκονη-νο1-6-μηνων-800-g,Baby food,Alpha Mega
ΝΟΥΝΟΥ Frisomel Ρόφημα Γάλακτος σε Σκόνη Νο2 6+ Μηνών 800 g,https://www.alphamega.com.cy/el/προιοντα/βρεφος/βρεφικο-γαλα/νουνου-frisomel-ροφημα-γαλακτος-σε-σκονη-νο2-6-μηνων-800-g,Baby food,Alpha Mega
Nestle Nan Optipro Βρεφικό Γάλα σε Σκόνη Νο4 400 g,https://www.alphamega.com.cy/el/προιοντα/βρεφος/βρεφικο-γαλα/nestle-nan-optipro-βρεφικο-γαλα-σε-σκονη-νο4-400-g,Baby food,Alpha Mega
S-26 Progress Gold Ρόφημα Γάλακτος σε Σκόνη No.3 από τον 1ο Χρόνο 400 g,https://www.alphamega.com.cy/el/προιοντα/βρεφος/βρεφικο-γαλα/s-26-progress-gold-ροφημα-γαλακτος-σε-σκονη-no-3-απο-τον-1ο-χρονο-400-g,Baby food,Alpha Mega
7UP Αναψυκτικό 8x330 ml,https://www.alphamega.com.cy/el/προιοντα/ποτα/αναψυτικα-σοδα-tonics/αναψυκτικα/7up-αναψυκτικο-8x330-ml,Soft drinks,Alpha Mega
7UP Free Αναψυκτικό 8x330 ml,https://www.alphamega.com.cy/el/προιοντα/ποτα/αναψυτικα-σοδα-tonics/αναψυκτικα/7up-free-αναψυκτικο-8x330-ml,Soft drinks,Alpha Mega
Coca Cola Αυθεντική Γεύση 8x330 ml,https://www.alphamega.com.cy/el/προιοντα/ποτα/αναψυτικα-σοδα-tonics/αναψυκτικα/coca-cola-αυθεντικη-γευση-8x330-ml,Soft drinks,Alpha Mega
Coca Cola Zero Αναψυκτικό 8x330 ml,https://www.alphamega.com.cy/el/προιοντα/ποτα/αναψυτικα-σοδα-tonics/αναψυκτικα/coca-cola-zero-αναψυκτικο-8x330-ml,Soft drinks,Alpha Mega
ΚΕΟ Άγιος Νικόλαος Φυσικό Μεταλλικό Νερό 12x500 ml,https://www.alphamega.com.cy/el/προιοντα/ποτα/νερο/μεταλλικο-νερο/κεο-αγιος-νικολαος-φυσικο-μεταλλικο-νερο-12x500-ml,Mineral or spring waters,Alpha Mega
ΚΕΟ Άγιος Νικόλαος Φυσικό Μεταλλικό Νερό 6x1.5 L,https://www.alphamega.com.cy/el/προιοντα/ποτα/νερο/μεταλλικο-νερο/κεο-αγιος-νικολαος-φυσικο-μεταλλικο-νερο-6x1-5-l,Mineral or spring waters,Alpha Mega
Kykkos Φυσικό Μεταλλικό Νερό 12x500 ml,https://www.alphamega.com.cy/el/προιοντα/ποτα/νερο/μεταλλικο-νερο/kykkos-φυσικο-μεταλλικο-νερο-12x500-ml,Mineral or spring waters,Alpha Mega
Kykkos Φυσικό Μεταλλικό Νερό 6x1.5 L,https://www.alphamega.com.cy/el/προιοντα/ποτα/νερο/μεταλλικο-νερο/kykkos-φυσικο-μεταλλικο-νερο-6x1-5-l,Mineral or spring waters,Alpha Mega
Kean Χυμός Μάνγκο & Ρόδι Νέκταρ 1 L,https://www.alphamega.com.cy/el/προιοντα/ποτα/χυμος/kean-χυμος-μανγκο-νεκταρ-1-l,Fruit and vegetable juices,Alpha Mega
Λανίτης Χυμός Πορτοκάλι 1 L,https://www.alphamega.com.cy/el/προιοντα/ποτα/χυμος/λανιτης-χυμος-μηλο-πορτοκαλι-καροτο-1-l,Fruit and vegetable juices,Alpha Mega
Keanita Πορτοκάλι Φρουτοποτό 9x250 ml,https://www.alphamega.com.cy/el/προιοντα/ποτα/χυμος/keanita-πορτοκαλι-φρουτοποτο-9x250-ml,Fruit and vegetable juices,Alpha Mega
"Life Χυμός με Μήλο, Καρότο & Πορτοκάλι 400 ml",https://www.alphamega.com.cy/el/προιοντα/ειδη-ψυγειου/φρεσκοι-χυμοι-ετοιμοι-καφεδες/φρεσκος-χυμος/life-χυμος-με-μηλο-καροτο-πορτοκαλι-400-ml,Fruit and vegetable juices,Alpha Mega
Life Καλημέρα Χυμός Πορτοκάλι 1 L,https://www.alphamega.com.cy/el/προιοντα/ειδη-ψυγειου/φρεσκοι-χυμοι-ετοιμοι-καφεδες/φρεσκος-χυμος/life-καλημερα-χυμος-πορτοκαλι-1-l,Fruit and vegetable juices,Alpha Mega
Life Χυμός Πορτοκάλι 400 ml,https://www.alphamega.com.cy/el/προιοντα/ειδη-ψυγειου/φρεσκοι-χυμοι-ετοιμοι-καφεδες/φρεσκος-χυμος/life-χυμος-με-μηλο-καροτο-πορτοκαλι-400-ml,Fruit and vegetable juices,Alpha Mega
ΑλφαμέγαΨωµίΟλικήςΑλέσεωςσεΦέτες900g,https://www.alphamega.com.cy/en/groceries/fresh-food/bakery/bread/alphamega-wholemeal-sliced-bread-900-g,Bread,Alpha Mega
ΑλφαμέγαΨωµίΟλικήςΑλέσεωςσεΦέτες500g,https://www.alphamega.com.cy/en/groceries/fresh-food/bakery/bread/alphamega-wholemeal-sliced-bread-500-g,Bread,Alpha Mega
ΑλφαμέγαΛευκόΨωμί500g,https://www.alphamega.com.cy/en/groceries/fresh-food/bakery/bread/alphamega-white-bread-500-g,Bread,Alpha Mega
ΑλφαμέγαΧωριάτικοψωμί850g,https://www.alphamega.com.cy/en/groceries/fresh-food/bakery/bread/alphamega-white-village-bread-850-g,Bread,Alpha Mega
ΑλφαμέγαΆσπροΨωµίσεΦέτες900g,https://www.alphamega.com.cy/en/groceries/fresh-food/bakery/bread/alphamega-white-sliced-bread-900-g,Bread,Alpha Mega
ΑλφαμέγαΆσπροΨωµίσεΦέτες500g,https://www.alphamega.com.cy/en/groceries/fresh-food/bakery/bread/alphamega-white-sliced-bread-500-g,Bread,Alpha Mega
Άρτοζυμ5ΠαφίτικεςΠίττεςγιαΣουβλάκια750g,https://www.alphamega.com.cy/en/groceries/fresh-food/bakery/pitta-wraps/artozym-5-pitta-bread-for-kebab-750-g,Other bakery products,Alpha Mega
NutriFreeψωμάκιαγιαΜπέργκερx3110g,https://www.alphamega.com.cy/en/groceries/fresh-food/bakery/breadroll/nutri-free-panino-hamburger-buns-x3-110-g,Other bakery products,Alpha Mega
Κρουασάν Βουτύρου με Γέμιση Πραλίνα 85 g,https://www.alphamega.com.cy/el/προιοντα/φρεσκα/φουρνος/σνακς-φουρνου/κρουασαν-βουτυρου-με-γεμιση-πραλινα-85-g,Other bakery products,Alpha Mega
Χαλλουμωτή Τυλιχτή 165 g,https://www.alphamega.com.cy/el/προιοντα/φρεσκα/φουρνος/σνακς-φουρνου/χαλλουμωτη-τυλιχτη-165-g,Other bakery products,Alpha Mega
ΕλιωτήΤυλιχτή165g,https://www.alphamega.com.cy/en/groceries/fresh-food/bakery/bakery-snacks/halloumi-pie-165-g,Other bakery products,Alpha Mega
SweetVanillaΚέικΓεωγραφίας1kg,https://www.alphamega.com.cy/en/groceries/fresh-food/bakery/bakery-snacks/sweet-vanilla-marble-cake-1-kg,Other bakery products,Alpha Mega
Jenny’sHomeΔάκτυλα300g,https://www.alphamega.com.cy/en/groceries/fresh-food/bakery/bakery-snacks/jennys-home-daktyla-300-g,Other bakery products,Alpha Mega
7DaysMiniBakeRollsμεΓεύσηΠίτσα80g,https://www.alphamega.com.cy/en/groceries/food-cupboard/crisps-snacks-popcorn/croissants-snacks/7days-mini-bake-rolls-with-pizza-seasoning-80-g,Other bakery products,Alpha Mega
BakandysΚριτσίνιαμεΕλαιόλαδο250g,https://www.alphamega.com.cy/en/groceries/food-cupboard/breakfast/crackers-crispbread-rice-cakes/bakandys-bread-sticks-with-olive-oil-250-g,Other bakery products,Alpha Mega
ΑλφαμέγαΠαξιμαδάκιαΚανέλας350g,https://www.alphamega.com.cy/en/groceries/food-cupboard/breakfast/crackers-crispbread-rice-cakes/alphamega-cinnamon-rusks-350-g,Other bakery products,Alpha Mega
JohnsofΔιπλοφουρνιστάΚρουτόνιαΟλικήςΑλέσεως320g,https://www.alphamega.com.cy/en/groceries/food-cupboard/breakfast/crackers-crispbread-rice-cakes/johnsof-double-baked-whole-wheat-croutons-320-g,Other bakery products,Alpha Mega
EliteΦρυγανιέςΣίτουμεΣίκαλη3+1Δώρο360g,https://www.alphamega.com.cy/en/groceries/food-cupboard/breakfast/crackers-crispbread-rice-cakes/elite-wheat-rye-rusks-3-1-free-360-g,Other bakery products,Alpha Mega
EliteΦρυγανιέςΟλικήςΆλεσης3+1Δώρο360g,https://www.alphamega.com.cy/en/groceries/food-cupboard/breakfast/crackers-crispbread-rice-cakes/elite-wheat-rusks-3-1-free-500-g,Other bakery products,Alpha Mega
BakandysΠαξιμάδιαμεΣικάλη250g,https://www.alphamega.com.cy/en/groceries/food-cupboard/breakfast/crackers-crispbread-rice-cakes/bakandys-crisp-rolls-with-rye-250-g,Other bakery products,Alpha Mega
JohnsofΤραγανόΚείκΣταφίδας&ΑμυγδάλουNapolitano240g,https://www.alphamega.com.cy/en/groceries/food-cupboard/breakfast/crackers-crispbread-rice-cakes/johnsof-napolitano-crispy-cakes-with-almonds-raisins-240-g,Other bakery products,Alpha Mega
Quaker100%ΝιφάδεςΒρώμηςΟλικήςΆλεσης500g,https://www.alphamega.com.cy/en/groceries/food-cupboard/breakfast/cereals-muesli-oats/quaker-wholegrain-rolled-oats-500-g-1,Breakfast Cereals,Alpha Mega
QuakerΤραγανέςΜπουκιέςΔημητριακάμεΒρώμη&ΣοκολάταΓάλακτος450g,https://www.alphamega.com.cy/en/groceries/food-cupboard/breakfast/cereals-muesli-oats/quaker-cereal-clusters-with-oat-milk-chocolate-450-g,Breakfast Cereals,Alpha Mega
OreoO’sΔημητριακά350g,https://www.alphamega.com.cy/en/groceries/food-cupboard/breakfast/cereals-muesli-oats/oreo-os-cereal-350-g,Breakfast Cereals,Alpha Mega
Kellogg'sCornFlakesΔημητριακά375g,https://www.alphamega.com.cy/en/groceries/food-cupboard/breakfast/cereals-muesli-oats/kelloggs-corn-flakes-cereal-375-g,Breakfast Cereals,Alpha Mega
Kellogg’sCocoPopsChocosΔημητριακάμεΓεύσηΣοκολάτας375g,https://www.alphamega.com.cy/en/groceries/food-cupboard/breakfast/cereals-muesli-oats/kelloggs-coco-pops-chocos-375-g,Breakfast Cereals,Alpha Mega
Kellogg’sCocoPopsΔημητριακάμεΓεύσηΣοκολάτας500g,https://www.alphamega.com.cy/en/groceries/food-cupboard/breakfast/cereals-muesli-oats/kelloggs-coco-pops-500-g,Breakfast Cereals,Alpha Mega
Kellogg’s Special K Δημητριακά 450 g,https://www.alphamega.com.cy/el/προιοντα/τροφιμα/προγευμα/δημητριακα-βρωμη/kelloggs-special-k-δημητριακα-450-g,Breakfast Cereals,Alpha Mega
Kellogg’sMielPopsLoopsΔημητριακά330g,https://www.alphamega.com.cy/en/groceries/food-cupboard/breakfast/cereals-muesli-oats/kelloggs-miel-pops-loops-cereal-330-g,Breakfast Cereals,Alpha Mega
BarillaΣπαγγέτιNo5500g,https://www.alphamega.com.cy/en/groceries/food-cupboard/pasta-rice-noodles/pasta/barilla-spaghetti-no-5-500-g,Pasta products and couscous,Alpha Mega
MelissaPrimoGustoΣπαγγέτιNo6500g,https://www.alphamega.com.cy/en/groceries/food-cupboard/pasta-rice-noodles/pasta/melissa-primo-gusto-spaghetti-no-6-500-g,Pasta products and couscous,Alpha Mega
MelissaPrimoGustoΚριθαράκι500g,https://www.alphamega.com.cy/en/groceries/food-cupboard/pasta-rice-noodles/pasta/melissa-primo-gusto-orzo-500-g,Pasta products and couscous,Alpha Mega
ΜιτσίδηςΜακαρόνιαΣπαγέττι500g,https://www.alphamega.com.cy/en/groceries/food-cupboard/pasta-rice-noodles/pasta/mitsides-spaghetti-500-g,Pasta products and couscous,Alpha Mega
ΜιτσίδηςΚριθαράκι500g,https://www.alphamega.com.cy/en/groceries/food-cupboard/pasta-rice-noodles/pasta/mitsides-barley-orzo-500-g,Pasta products and couscous,Alpha Mega
ΜιτσίδηςΜακαρόνιαMezzani'Α'500g,https://www.alphamega.com.cy/en/groceries/food-cupboard/pasta-rice-noodles/pasta/mitsides-pasta-mezzani-a-500-g,Pasta products and couscous,Alpha Mega
ΜιτσίδηςΧωριάτικαΜακαρόνια500g,https://www.alphamega.com.cy/en/groceries/food-cupboard/pasta-rice-noodles/pasta/mitsides-traditional-cyprus-macaroni-500-g,Pasta products and couscous,Alpha Mega
ΑΛΦΑΜΕΓΑΣπαγγέτι500g,https://www.alphamega.com.cy/en/groceries/food-cupboard/pasta-rice-noodles/pasta/alphamega-spaghetti-500-g,Pasta products and couscous,Alpha Mega
3AΡύζιΜπαρποϊλΟυραγουάης1kg,https://www.alphamega.com.cy/en/groceries/food-cupboard/pasta-rice-noodles/rice-grains/3a-parboiled-rice-1-kg,Rice,Alpha Mega
Ben'sOriginalΜακρύκοκκοΡύζιParboiledΤέλειοσε10Λεπτά1kg,https://www.alphamega.com.cy/en/groceries/food-cupboard/pasta-rice-noodles/rice-grains/bens-original-long-grain-rice-parboiled-ready-in-10-minutes-1-kg,Rice,Alpha Mega
TildaΡυζιbasmati1kg,https://www.alphamega.com.cy/en/groceries/food-cupboard/pasta-rice-noodles/rice-grains/tilda-basmati-rice-1-kg,Rice,Alpha Mega
3ΑΡύζιΜπασμάτι1kg,https://www.alphamega.com.cy/en/groceries/food-cupboard/pasta-rice-noodles/rice-grains/3a-basmati-rice-1-kg,Rice,Alpha Mega
3ΑΡύζιΤζιασμίν1kg,https://www.alphamega.com.cy/en/groceries/food-cupboard/pasta-rice-noodles/rice-grains/3a-jasmine-rice-1-kg,Rice,Alpha Mega
LiskoΠουργούριΟλικήςΆλεσης500g,https://www.alphamega.com.cy/en/groceries/food-cupboard/pasta-rice-noodles/rice-grains/lisko-bulgur-wheat-500-g,Rice,Alpha Mega
ΜιτσίδηςΠουργούριγιαΠιλάφι500g,https://www.alphamega.com.cy/en/groceries/food-cupboard/pasta-rice-noodles/rice-grains/mitsides-bulgur-wheat-500-g,Rice,Alpha Mega
ΜιτσίδηςΠουργούριγιαΠιλάφι1kg,https://www.alphamega.com.cy/en/groceries/food-cupboard/pasta-rice-noodles/rice-grains/mitsides-bulgur-wheat-1-kg,Rice,Alpha Mega
ΑγίαΣκέπηΠλιγούριΟργανικήςΓεωργίας500gr,https://www.alphamega.com.cy/en/groceries/food-cupboard/pasta-rice-noodles/rice-grains/agia-skepi-bio-organic-bulgur-500-g,Rice,Alpha Mega
ΑλφαμέγαΨιλόΘαλασσινόΕπιτραπέζιοΑλάτι500g,https://www.alphamega.com.cy/en/groceries/food-cupboard/salt-pepper-seasoning-bouillons/salt-pepper/alphamega-table-sea-salt-500-g,"Salt, spices and culinary herbs",Alpha Mega
CarnationSpicesΠιπέριΜαύροΑλεσμένο34g,https://www.alphamega.com.cy/en/groceries/food-cupboard/salt-pepper-seasoning-bouillons/salt-pepper/carnation-ground-black-pepper-50-g,"Salt, spices and culinary herbs",Alpha Mega
CarnationΚανέλαΑλεσμένη40g,https://www.alphamega.com.cy/en/groceries/food-cupboard/salt-pepper-seasoning-bouillons/herbs-spices-seasonings/carnation-ground-cinammon-40-g,"Salt, spices and culinary herbs",Alpha Mega
CarnationΠάπρικα(ΠιπέριΓλυκό)50g,https://www.alphamega.com.cy/en/groceries/food-cupboard/salt-pepper-seasoning-bouillons/herbs-spices-seasonings/carnation-sweet-paprika-50-g,"Salt, spices and culinary herbs",Alpha Mega
CarnationΚουρκουμάς(Κιτρινόριζα)50g,https://www.alphamega.com.cy/en/groceries/food-cupboard/salt-pepper-seasoning-bouillons/herbs-spices-seasonings/carnation-spices-turmeric-50-g,"Salt, spices and culinary herbs",Alpha Mega
CarnationSpicesΔιάφοραΒότανα15g,https://www.alphamega.com.cy/en/groceries/food-cupboard/salt-pepper-seasoning-bouillons/herbs-spices-seasonings/carnation-spices-mixed-herbs-15-g,"Salt, spices and culinary herbs",Alpha Mega
CarnationSpicesΣκόρδοΣκόνη50g,https://www.alphamega.com.cy/en/groceries/food-cupboard/salt-pepper-seasoning-bouillons/herbs-spices-seasonings/carnation-spices-garlic-powder-50-g,"Salt, spices and culinary herbs",Alpha Mega
CarnationSpicesΡίγανη15g,https://www.alphamega.com.cy/en/groceries/food-cupboard/salt-pepper-seasoning-bouillons/herbs-spices-seasonings/carnation-spices-oregano-15-g,"Salt, spices and culinary herbs",Alpha Mega
CarnationSpicesΘυμάρι20g,https://www.alphamega.com.cy/en/groceries/food-cupboard/salt-pepper-seasoning-bouillons/herbs-spices-seasonings/carnation-spices-thyme-20-g,"Salt, spices and culinary herbs",Alpha Mega
CarnationSpicesΚόλιανδροςσεΣκόνη535g,https://www.alphamega.com.cy/en/groceries/food-cupboard/salt-pepper-seasoning-bouillons/herbs-spices-seasonings/carnation-spices-coriander-powder-35-g,"Salt, spices and culinary herbs",Alpha Mega
CarnationSpicesΜαϊντανός15g,https://www.alphamega.com.cy/en/groceries/food-cupboard/salt-pepper-seasoning-bouillons/herbs-spices-seasonings/carnation-spices-parsley-15-g,"Salt, spices and culinary herbs",Alpha Mega
CarnationSpicesΒασιλικός20g,https://www.alphamega.com.cy/en/groceries/food-cupboard/salt-pepper-seasoning-bouillons/herbs-spices-seasonings/carnation-spices-basil-20-g,"Salt, spices and culinary herbs",Alpha Mega
CarnationSpicesΆνηθος15g,https://www.alphamega.com.cy/en/groceries/food-cupboard/salt-pepper-seasoning-bouillons/herbs-spices-seasonings/carnation-spices-dill-tips-15-g,"Salt, spices and culinary herbs",Alpha Mega
CarnationSpicesΔεντρολίβανο(Λασμαρί)20g,https://www.alphamega.com.cy/en/groceries/food-cupboard/salt-pepper-seasoning-bouillons/herbs-spices-seasonings/carnation-spices-rosemary-20-g,"Salt, spices and culinary herbs",Alpha Mega
ΛειβαδιώτηςΑμύγδαλα200g,https://www.alphamega.com.cy/en/groceries/food-cupboard/dried-fruit-nuts/nuts/livadiotis-almonds-200-g,Dried fruit and nuts,Alpha Mega
SeranoΚάσιουςΩμά140g,https://www.alphamega.com.cy/en/groceries/food-cupboard/dried-fruit-nuts/nuts/serano-raw-cashew-kernels-140-g,Dried fruit and nuts,Alpha Mega
ΛειβαδιώτηΚαρυδόψιχα140g,https://www.alphamega.com.cy/en/groceries/food-cupboard/dried-fruit-nuts/nuts/leivadioti-walnuts-140-g,Dried fruit and nuts,Alpha Mega
SeranoΚαρυδόψιχες130g,https://www.alphamega.com.cy/en/groceries/food-cupboard/dried-fruit-nuts/nuts/serano-walnut-kernels-130-g,Dried fruit and nuts,Alpha Mega
SeranoΦιστικόψιχεςΨημένεςμεΑλάτι1+1Δώρο125g,https://www.alphamega.com.cy/en/groceries/food-cupboard/dried-fruit-nuts/nuts/serano-roasted-peanut-kernels-1-1-free-125-g,Dried fruit and nuts,Alpha Mega
ΠαστάΣύκα500g,https://www.alphamega.com.cy/en/groceries/food-cupboard/dried-fruit-nuts/dried-fruit/dried-figs-500-g,Dried fruit and nuts,Alpha Mega
SeranoSnackingGoodΑποξηραμέναΒερίκοκα250g,https://www.alphamega.com.cy/en/groceries/food-cupboard/dried-fruit-nuts/dried-fruit/serano-snacking-good-dried-apricots-250-g,Dried fruit and nuts,Alpha Mega
SeranoSnackingGoodΑποξηραμέναΔαμάσκηνα275g,https://www.alphamega.com.cy/en/groceries/food-cupboard/dried-fruit-nuts/dried-fruit/serano-snacking-good-dried-prunes-with-pit-275-g,Dried fruit and nuts,Alpha Mega
TascoNaturalΑποξηραμέναΧρυσόμηλα300g,https://www.alphamega.com.cy/en/groceries/food-cupboard/dried-fruit-nuts/dried-fruit/tasco-natural-dried-apricots-300-g,Dried fruit and nuts,Alpha Mega
ΦοινίκιαDegler500g,https://www.alphamega.com.cy/en/groceries/food-cupboard/dried-fruit-nuts/dried-fruit/degler-dates-500-g,Dried fruit and nuts,Alpha Mega
SeranoΣταφίδες350g,https://www.alphamega.com.cy/en/groceries/food-cupboard/dried-fruit-nuts/dried-fruit/serano-raisins-350-g,Dried fruit and nuts,Alpha Mega
ΑλφαμεγαΜέλι475g,https://www.alphamega.com.cy/en/groceries/food-cupboard/breakfast/honey-jam-other-spreads/honey/alphamega-honey-475-g,"Jams, marmalades and honey",Alpha Mega
HΩραίαΆλωνΜέλιΑνθέων475g,https://www.alphamega.com.cy/en/groceries/food-cupboard/breakfast/honey-jam-other-spreads/honey/i-orea-alona-blossom-honey-475-g,"Jams, marmalades and honey",Alpha Mega
ΤοΤζιβέρτιΜέλιΑνθέων500g,https://www.alphamega.com.cy/en/groceries/food-cupboard/breakfast/honey-jam-other-spreads/honey/to-tziverti-wildflower-honey-500-g,"Jams, marmalades and honey",Alpha Mega
ΤζιβέρτιΚυπριακόΜέλιΑνθέων485g,https://www.alphamega.com.cy/en/groceries/food-cupboard/breakfast/honey-jam-other-spreads/honey/tziverti-local-wildflowers-honey-485-g,"Jams, marmalades and honey",Alpha Mega
CasinoΜαρμελάδαΦράουλας370g,https://www.alphamega.com.cy/en/groceries/food-cupboard/breakfast/honey-jam-other-spreads/jam/casino-jam-with-4-fruits-370-g,"Jams, marmalades and honey",Alpha Mega
NutellaΚρέμαΦουντουκιούκαιΚακάο200g,https://www.alphamega.com.cy/en/groceries/food-cupboard/breakfast/honey-jam-other-spreads/chocolate-spreads/nutella-hazelnut-spread-200-g,"Jams, marmalades and honey",Alpha Mega
JohnsofΦυστικοβούτυροΤραγανό340g,https://www.alphamega.com.cy/en/groceries/food-cupboard/breakfast/honey-jam-other-spreads/spreads-syrups/johnsof-peanut-butter-smooth-340-g,"Jams, marmalades and honey",Alpha Mega
ΌλυμποςΦυστικοβούτυροΑπαλό350g,https://www.alphamega.com.cy/en/groceries/food-cupboard/breakfast/honey-jam-other-spreads/spreads-syrups/olympos-peanut-butter-smooth-350-g,"Jams, marmalades and honey",Alpha Mega
Γ.ΧαραλάμπουςΓαριδάκια10x22g,https://www.alphamega.com.cy/en/groceries/food-cupboard/crisps-snacks-popcorn/crisps/g-charalambous-cheese-puffs-10x22-g,Crisps,Alpha Mega
PelargosΕλαφράΣυμπυκνωμένοςΧυμόςΤομάτας3x250g,https://www.alphamega.com.cy/en/groceries/food-cupboard/pulses-cans-packet-soup/canned-tomato/pelargos-slightly-concentrated-tomato-juice-3x250-g,"Sauces, condiments",Alpha Mega
ΜιτσίδηςΠάσταΝτομάτας4X70g,https://www.alphamega.com.cy/en/groceries/food-cupboard/pulses-cans-packet-soup/canned-tomato/mitsides-tomato-paste-4x70-g,"Sauces, condiments",Alpha Mega
BlossomΠάσταΝτομάτας4X70g,https://www.alphamega.com.cy/en/groceries/food-cupboard/pulses-cans-packet-soup/canned-tomato/blossom-tomato-paste-4x70-g,"Sauces, condiments",Alpha Mega
KyknosΤοματοπολτόςΔιπλήςΣυμπύκνωσης410g,https://www.alphamega.com.cy/en/groceries/food-cupboard/pulses-cans-packet-soup/canned-tomato/kyknos-tomato-paste-double-concentration-410-g,"Sauces, condiments",Alpha Mega
ΜιτσίδησΠεραστήΝτομάτα-PassataΟικονομικήΣυσκευασία3x200g,https://www.alphamega.com.cy/en/groceries/food-cupboard/pulses-cans-packet-soup/canned-tomato/mitsides-passata-3x200-g,"Sauces, condiments",Alpha Mega
MaggiΖωμόςΚότας132g,https://www.alphamega.com.cy/en/groceries/food-cupboard/salt-pepper-seasoning-bouillons/bouillons/maggi-chicken-bouillon132-g,"Sauces, condiments",Alpha Mega
MaggiΖωμόςΛαχανικών176g,https://www.alphamega.com.cy/en/groceries/food-cupboard/salt-pepper-seasoning-bouillons/bouillons/maggi-bouillon-pasta-132-g,"Sauces, condiments",Alpha Mega
MaggiΖωμόςΓιαΖυμαρικά132g,https://www.alphamega.com.cy/en/groceries/food-cupboard/salt-pepper-seasoning-bouillons/bouillons/maggi-vegetable-bouillon-132-g,"Sauces, condiments",Alpha Mega
KnorrΖωμόςΚότας120g,https://www.alphamega.com.cy/en/groceries/food-cupboard/salt-pepper-seasoning-bouillons/bouillons/knorr-chicken-stock-cubes-120-g,"Sauces, condiments",Alpha Mega
KnorrΖωμόςΛαχανικών120g,https://www.alphamega.com.cy/en/groceries/food-cupboard/salt-pepper-seasoning-bouillons/bouillons/knorr-vegetable-stock-cubes-120-g,"Sauces, condiments",Alpha Mega
ΆγιοςΓεώργιοςΚυπριακόΕξαιρετικόΠαρθένοΕλαιόλαδο1L,https://www.alphamega.com.cy/en/groceries/food-cupboard/oils-vinegars-sauces-dressings/olive-oil/saint-george-cyprus-extra-virgin-olive-oil-1l,Olive Oil,Alpha Mega
ΑλφαμέγαΚυπριακόΕξαιρετικόΠαρθένοΕλαιόλαδο2L,https://www.alphamega.com.cy/en/groceries/food-cupboard/oils-vinegars-sauces-dressings/olive-oil/alphamega-cypriot-extra-virgin-olive-oil-2-l,Olive Oil,Alpha Mega
ΣΕΚΕΠΕξαιρετικόΠαρθένοΕλαιόλαδο1L,https://www.alphamega.com.cy/en/groceries/food-cupboard/oils-vinegars-sauces-dressings/olive-oil/sekep-extra-virgin-oil-1l,Olive Oil,Alpha Mega
AmbrosiaΗλιανθέλαιο2L,https://www.alphamega.com.cy/en/groceries/food-cupboard/oils-vinegars-sauces-dressings/cooking-oil/ambrosia-sunflower-oil-2-l,Other edible oils,Alpha Mega
AmbrosiaΗλιανθέλαιο3L,https://www.alphamega.com.cy/en/groceries/food-cupboard/oils-vinegars-sauces-dressings/cooking-oil/ambrosia-sunflower-oil-3-l,Other edible oils,Alpha Mega
Lesieur Ηλιανθέλαιο 3 L,https://www.alphamega.com.cy/el/προιοντα/τροφιμα/λαδι-ξυδι-σως-dressings/λαδι-μαγειρεματος/lesieur-ηλιανθελαιο-3-l,Other edible oils,Alpha Mega
SevycoΆσπροςΤόνοςΣεΕλαιόλαδο4X95g,https://www.alphamega.com.cy/en/groceries/food-cupboard/pulses-cans-packet-soup/canned-fish/sevyco-white-tuna-in-water-4x95-g,Other preserved or processed fish and seafood-based preparations,Alpha Mega
SevycoΤόνοςΣεΝερό4X185g,https://www.alphamega.com.cy/en/groceries/food-cupboard/pulses-cans-packet-soup/canned-fish/sevyco-white-tuna-in-water-4x185-g,Other preserved or processed fish and seafood-based preparations,Alpha Mega
RioMareΤόνοςΣεΕλαιόλαδο2x160g,https://www.alphamega.com.cy/en/groceries/food-cupboard/pulses-cans-packet-soup/canned-fish/rio-mare-tuna-in-olive-oil-2x160-g,Other preserved or processed fish and seafood-based preparations,Alpha Mega
RioMareΤόνοςΣεΕλαιόλαδο3x80g,https://www.alphamega.com.cy/en/groceries/food-cupboard/pulses-cans-packet-soup/canned-fish/rio-mare-tuna-in-olive-oil-3x80-g,Other preserved or processed fish and seafood-based preparations,Alpha Mega
ChameauΣαρδελάκιασεΝερό125g,https://www.alphamega.com.cy/en/groceries/food-cupboard/pulses-cans-packet-soup/canned-fish/chameau-sardines-in-water-125-g,"Dried, smoked or salted fish and seafood",Alpha Mega
TrataΡέγγαΚαπνιστήΦιλέτοσεΦυτικόΛάδι160g,https://www.alphamega.com.cy/en/groceries/food-cupboard/pulses-cans-packet-soup/canned-fish/trata-herring-filet-in-vegetable-oil-160-g,"Dried, smoked or salted fish and seafood",Alpha Mega
CasinoΦιλέτοΣκουμπρίσεΣάλτσαEscabeche169g,https://www.alphamega.com.cy/en/groceries/food-cupboard/pulses-cans-packet-soup/canned-fish/casino-mackerel-in-escabeche-sauce-169-g,"Dried, smoked or salted fish and seafood",Alpha Mega
ΚαμήλαΑντσούγιεςΦιλέτoσεΗλιανθέλαιο50g,https://www.alphamega.com.cy/en/groceries/food-cupboard/pulses-cans-packet-soup/canned-fish/chameau-anchovies-flat-fillets-in-sunflower-oil-50-g,"Dried, smoked or salted fish and seafood",Alpha Mega
KarlaΚορνΜπηφ340g,https://www.alphamega.com.cy/en/groceries/food-cupboard/pulses-cans-packet-soup/canned-meat/karla-corned-beef-340-g,Other meat preparations,Alpha Mega
TulipΧοιρινόΛάντσιον200g,https://www.alphamega.com.cy/en/groceries/food-cupboard/pulses-cans-packet-soup/canned-meat/tulip-luncheon-meat-200-g,Other meat preparations,Alpha Mega
TulipΤσόπτΧάμ200g,https://www.alphamega.com.cy/en/groceries/food-cupboard/pulses-cans-packet-soup/canned-meat/tulip-chopped-ham-200-g,Other meat preparations,Alpha Mega
ZwanΛάντσιονΜητ200g,https://www.alphamega.com.cy/en/groceries/food-cupboard/pulses-cans-packet-soup/canned-meat/zwan-luncheon-meat-200-g,Other meat preparations,Alpha Mega
ZwanΤσόπτΧαμ&Χοιρινό200g,https://www.alphamega.com.cy/en/groceries/food-cupboard/pulses-cans-packet-soup/canned-meat/zwan-chopped-ham-pork-200-g,Other meat preparations,Alpha Mega
ZwanLuncheonΚοτόπουλο200g,https://www.alphamega.com.cy/en/groceries/food-cupboard/pulses-cans-packet-soup/canned-meat/zwan-chicken-luncheon-meat-200-g,Other meat preparations,Alpha Mega
BonduelleΚόκκιναΦασολιά200g,https://www.alphamega.com.cy/en/groceries/food-cupboard/pulses-cans-packet-soup/canned-vegetables/bonduelle-red-beans-200-g,"Dried vegetables, other preserved or processed vegetables",Alpha Mega
CampagnaΡεβίθια400g,https://www.alphamega.com.cy/en/groceries/food-cupboard/pulses-cans-packet-soup/canned-pulses/campagna-chick-peas-400-g,"Dried vegetables, other preserved or processed vegetables",Alpha Mega
CampagnaΦασόλιαΆσπρα400g,https://www.alphamega.com.cy/en/groceries/food-cupboard/pulses-cans-packet-soup/canned-pulses/campagna-white-beans-400-g,"Dried vegetables, other preserved or processed vegetables",Alpha Mega
ΑλφαμέγαΚαλαμπόκι340g,https://www.alphamega.com.cy/en/groceries/food-cupboard/pulses-cans-packet-soup/canned-vegetables/alphamega-sweet-corn-340-g,"Dried vegetables, other preserved or processed vegetables",Alpha Mega
MorrisonsΦασόλιασεΣάλτσαΝτομάτας410g,https://www.alphamega.com.cy/en/groceries/food-cupboard/pulses-cans-packet-soup/canned-pulses/morrisons-baked-beans-in-tomato-sauce-410-g,"Dried vegetables, other preserved or processed vegetables",Alpha Mega
ΑλφαμέγαΜανιτάριαΚομμένα400g,https://www.alphamega.com.cy/en/groceries//food-cupboard/pulses-cans-packet-soup/canned-vegetables/alphamega-sliced-mushrooms-400-g,"Dried vegetables, other preserved or processed vegetables",Alpha Mega
ΝΟΥΝΟΥΓάλαΣυμπυκνωμένο400g,https://www.alphamega.com.cy/en/groceries/food-cupboard/hot-drinks-milk/long-life-milk/noynoy-evaporated-milk-400-g,Other milk products,Alpha Mega
NestleΖαχαρούχοΓάλαΣυμπυκνωμένο397g,https://www.alphamega.com.cy/en/groceries/food-cupboard/hot-drinks-milk/long-life-milk/nestle-sweetened-condensed-milk-397-g,Other milk products,Alpha Mega
ΝουνούΓάλαΖαχαρούχο397g,https://www.alphamega.com.cy/en/groceries/food-cupboard/hot-drinks-milk/long-life-milk/noynoy-sweet-condensed-milk-397-g,Other milk products,Alpha Mega
ΝΟΥΝΟΥΣυμπυκνωμένοΓάλα10Χ15g,https://www.alphamega.com.cy/en/groceries/food-cupboard/hot-drinks-milk/long-life-milk/noynoy-evaporated-milk-in-capsules-10x15-g,Other milk products,Alpha Mega
ΧαραλαμπίδηςΚρίστηςΚρέμαΓάλακτος35%Λιπαρά250ml,https://www.alphamega.com.cy/en/groceries/chilled/butter-margarine/cooking-cream/charalambides-christis-whipping-cream-35-fat-250-ml,Other milk products,Alpha Mega
HeinzΣούπαΜανιταριών400g,https://www.alphamega.com.cy/en/groceries/food-cupboard/pulses-cans-packet-soup/soups/heinz-cream-of-mushroom-soup-400-g,Other food products n.e.c.,Alpha Mega
HeinzΣούπαΝτομάτας400g,https://www.alphamega.com.cy/en/groceries/food-cupboard/pulses-cans-packet-soup/soups/heinz-cream-of-tomato-soup-400-g,Other food products n.e.c.,Alpha Mega
FrouFrouJokerΜπισκότομεΓεύσηΣοκολάταΓάλακτος9+3Δώρο300g,https://www.alphamega.com.cy/en/groceries/food-cupboard/breakfast/biscuits/frou-frou-joker-biscuits-with-milk-chocolate-9-3-free-300-g,Other food products n.e.c.,Alpha Mega
FrouFrouΜπισκόταMorningCoffee150g,https://www.alphamega.com.cy/en/groceries/food-cupboard/breakfast/biscuits/frou-frou-morning-coffee-biscuits-150-g,Other food products n.e.c.,Alpha Mega
ΠαπαδοπούλουΜπισκόταΠτι-ΜπερΟλικήςΆλεσης225g,https://www.alphamega.com.cy/en/groceries/food-cupboard/breakfast/biscuits/papadopoulou-petit-beurre-wholegrain-biscuits-225-g,Other food products n.e.c.,Alpha Mega
OreoΜπισκόταμεΚρέμαΒανίλιας154g,https://www.alphamega.com.cy/en/groceries/food-cupboard/breakfast/biscuits/oreo-cookies-with-vanilla-cream-154-g,Other food products n.e.c.,Alpha Mega
KinderCardsΓκοφρέταμεΚρεμώδηΓέμισηαπόΓάλα&Κακάο128g,https://www.alphamega.com.cy/en/groceries/food-cupboard/breakfast/biscuits/kinder-cards-wafers-with-creamy-milk-cocoa-filling-128-g,Other food products n.e.c.,Alpha Mega
ΠαπαδοπούλουΜπισκόταΓεμιστάμεΣοκολάτα200g,https://www.alphamega.com.cy/en/groceries/food-cupboard/breakfast/biscuits/papadopoulou-chocolate-filled-biscuits-200-g,Other food products n.e.c.,Alpha Mega
ΑλφαμέγαΛευκήΚρυστάλλινηΖάχαρη1kg,https://www.alphamega.com.cy/en/groceries/food-cupboard/home-baking/sugar-sweeteners/alphamega-white-crystal-sugar-1-kg,Sugar,Alpha Mega
ΜιτσίδηςΑλεύριΓιαΌλεςΤιςΧρήσεις1kg,https://www.alphamega.com.cy/en/groceries/food-cupboard/home-baking/flour/mitsides-all-purpose-flour-1-kg,Flours and other cereals,Alpha Mega
ΜιτσίδηςΑλεύριΦαρίνα«00»1kg,https://www.alphamega.com.cy/en/groceries/food-cupboard/home-baking/flour/mitsides-plain-flour-00-1-kg,Flours and other cereals,Alpha Mega
ΜιτσίδηςΧωριάτικοΑλεύρι1kg,https://www.alphamega.com.cy/en/groceries/food-cupboard/home-baking/flour/mitsides-traditional-flour-1-kg,Flours and other cereals,Alpha Mega
ΜιτσίδηςΑλεύριΦαρίναΖαχαροπλαστικής1kg,https://www.alphamega.com.cy/en/groceries/food-cupboard/home-baking/flour/mitsides-self-raising-flour-1-kg,Flours and other cereals,Alpha Mega
ΑλφαμέγαΑλεύριΦαρίνα«00»1kg,https://www.alphamega.com.cy/en/groceries/food-cupboard/home-baking/flour/alphamega-farina-flour-00-1-kg,Flours and other cereals,Alpha Mega
ΑλφαμέγαΧωριάτικοΑλεύρι1kg,https://www.alphamega.com.cy/en/groceries/food-cupboard/home-baking/flour/alphamega-village-flour-1-kg,Flours and other cereals,Alpha Mega
NestleDessertΚουβερτούραΛευκήςΣοκολάτας180g,https://www.alphamega.com.cy/en/groceries/food-cupboard/home-baking/cooking-chocolate/nestle-dessert-white-chocolate-couverture-180-g,Chocolate,Alpha Mega
NestleDessertΚουβερτούρα200g,https://www.alphamega.com.cy/en/groceries/food-cupboard/home-baking/cooking-chocolate/nestle-dessert-cooking-chocolate-200-g,Chocolate,Alpha Mega
CarltonaΣόδα175g,https://www.alphamega.com.cy/en/groceries/food-cupboard/home-baking/baking-ingredients/carltona-bicarbonate-of-soda-175-g,Confectionery products,Alpha Mega
RoyalΜπέικινΠάουντερ226g,https://www.alphamega.com.cy/en/groceries/food-cupboard/home-baking/baking-ingredients/royal-baking-powder-226-g,Confectionery products,Alpha Mega
ΑμαλίαΑνθόνερομεΆρωμαΆνθηΚιτρομηλιάς500ml,https://www.alphamega.com.cy/en/groceries/food-cupboard/home-baking/syrups/amalia-water-with-bitter-orange-flavour-500-ml,Confectionery products,Alpha Mega
CarltonaΆμυλοΑραβοσίτου450g,https://www.alphamega.com.cy/en/groceries/food-cupboard/home-baking/jelly-baking-mixes/carltona-carltona-corn-flour-450-g,Confectionery products,Alpha Mega
JohnsofΣαβουαγιάρ200g,https://www.alphamega.com.cy/en/groceries/food-cupboard/home-baking/baking-ingredients/johnsof-ladyfingers-200-g,Confectionery products,Alpha Mega
ΓιώτηςΜαγιάΣτιγμής3x8g,https://www.alphamega.com.cy/en/groceries/food-cupboard/home-baking/baking-ingredients/yiotis-instant-yeast-3x8-g,Confectionery products,Alpha Mega
ΑμαλίαΙνδοκάρυδοΑλεσμένο250g,https://www.alphamega.com.cy/en/groceries/food-cupboard/dried-fruit-nuts/dried-fruit/amalia-ground-coconut-250-g,Confectionery products,Alpha Mega
SpryΦυτικόΜαγειρικόΠροιόν350g,https://www.alphamega.com.cy/en/groceries/food-cupboard/home-baking/baking-ingredients/spry-pure-vegetable-shortening-350-g-1,Confectionery products,Alpha Mega
ΑγρούΡοδόσταγμα250ml,https://www.alphamega.com.cy/en/groceries/food-cupboard/home-baking/syrups/agrou-rodostagma-250-ml,Confectionery products,Alpha Mega
ΣυσκευασμένεςΤομάτες1100g,https://www.alphamega.com.cy/en/groceries/fresh-food/fresh-vegetables/prepacked-tomatoes-1100-g,Fresh or chilled vegetables other than potatoes and other tubers,Alpha Mega
ΑγγουράκιαΧωραφιού1kg,https://www.alphamega.com.cy/en/groceries/fresh-food/fresh-vegetables/prepacked-village-cucumbers-800-g,Fresh or chilled vegetables other than potatoes and other tubers,Alpha Mega
Εισαγόμενα Λεμόνια 500 g,https://www.alphamega.com.cy/el/προιοντα/φρεσκα/λαχανικα/εισαγομενα-λεμονια-500-g,Fresh or chilled vegetables other than potatoes and other tubers,Alpha Mega
ΞεράΚρεμμύδια1kg,https://www.alphamega.com.cy/en/groceries/fresh-food/fresh-vegetables/dry-onions-1-kg,Fresh or chilled vegetables other than potatoes and other tubers,Alpha Mega
ΣυσκευασμέναΑγγουράκιαΘερμοκηπίου700g,https://www.alphamega.com.cy/en/groceries/fresh-food/fresh-vegetables/prepacked-greenhouse-cucumbers-700-g,Fresh or chilled vegetables other than potatoes and other tubers,Alpha Mega
GardenFreshΣυσκευασμέναΝτοματίνιαΚυπριακά250g,https://www.alphamega.com.cy/en/groceries/fresh-food/fresh-vegetables/gardenfresh-prepacked-cyprus-cherry-tomatoes-250-g,Fresh or chilled vegetables other than potatoes and other tubers,Alpha Mega
ΣυσκευασμέναΚαρότα750g,https://www.alphamega.com.cy/en/groceries/fresh-food/fresh-vegetables/prepacked-carrots-750-g,Fresh or chilled vegetables other than potatoes and other tubers,Alpha Mega
Αβοκάντο 700 g,https://www.alphamega.com.cy/el/προιοντα/φρεσκα/λαχανικα/αβοκαντο-700-g,Fresh or chilled vegetables other than potatoes and other tubers,Alpha Mega
ΑλφαμέγαΣυσκευασμένοΦρέσκοΜαρούλιΤεμάχιο,https://www.alphamega.com.cy/en/groceries/fresh-food/fresh-vegetables/alphamega-prepacked-fresh-lettuce-cos-per-piece,Fresh or chilled vegetables other than potatoes and other tubers,Alpha Mega
ΣυσκευασμένεςΧρωματιστέςΠιπεριές700g,https://www.alphamega.com.cy/en/groceries/fresh-food/fresh-vegetables/prepacked-colored-peppers-700-g,Fresh or chilled vegetables other than potatoes and other tubers,Alpha Mega
Σκόρδο70g,https://www.alphamega.com.cy/en/groceries/fresh-food/fresh-vegetables/garlic-70-g,Fresh or chilled vegetables other than potatoes and other tubers,Alpha Mega
ΦρέσκεςΠατάτες2kg,https://www.alphamega.com.cy/en/groceries/fresh-food/fresh-vegetables/new-potatoes-2-kg,Potatoes,Alpha Mega
ΜπανάνεςChiquita1kg,https://www.alphamega.com.cy/en/groceries/fresh-food/fresh-fruit/chiquita-bananas-1-kg,Fresh or chilled fruit,Alpha Mega
PinkLadyΜήλα1200g,https://www.alphamega.com.cy/en/groceries/fresh-food/fresh-fruit/pink-lady-apples-1200-g,Fresh or chilled fruit,Alpha Mega
ΣυσκευασμέναΜήλαGrannySmith1200g,https://www.alphamega.com.cy/en/groceries/fresh-food/fresh-fruit/prepacked-apples-granny-smith-1200-g,Fresh or chilled fruit,Alpha Mega
ΣυσκευασμέναΑχλάδιαΣούπερ800g,https://www.alphamega.com.cy/en/groceries/fresh-food/fresh-fruit/prepacked-pears-super-800-g,Fresh or chilled fruit,Alpha Mega
Συσκευασμένα Μήλα Starkin 1200 g,https://www.alphamega.com.cy/el/προιοντα/φρεσκα/φρουτα/συσκευασμενα-μηλα-starkin-1200-g,Fresh or chilled fruit,Alpha Mega
ΑλφαμέγαΜύρτιλα125g,https://www.alphamega.com.cy/en/groceries/fresh-food/fresh-fruit/alphamega-blueberries-125-g,Fresh or chilled fruit,Alpha Mega
Συσκευασμένα Μήλα Golden 1200 g,https://www.alphamega.com.cy/el/προιοντα/φρεσκα/φρουτα/συσκευασμενα-μηλα-golden-1200-g,Fresh or chilled fruit,Alpha Mega
Bιο Καρπός Εισαγόμενα Ακτινίδια 1.2 kg,https://www.alphamega.com.cy/el/προιοντα/φρεσκα/φρουτα/bιο-καρπος-εισαγομενα-ακτινιδια-1-2-kg,Fresh or chilled fruit,Alpha Mega
Εισαγόμενα Πορτοκάλια 1.2 kg,https://www.alphamega.com.cy/el/προιοντα/φρεσκα/φρουτα/εισαγομενα-πορτοκαλια-1-2-kg,Fresh or chilled fruit,Alpha Mega
Συσκευασμένα Μήλα Gala 1200 g,https://www.alphamega.com.cy/el/προιοντα/φρεσκα/φρουτα/συσκευασμενα-μηλα-gala-1200-g,Fresh or chilled fruit,Alpha Mega
ΠορτοκάλιαγιαΧυμό1.2kg,https://www.alphamega.com.cy/en/groceries/fresh-food/fresh-fruit/oranges-for-juice-1-2-kg,Fresh or chilled fruit,Alpha Mega
ΑλφαμέγαFreshToGoΣυσκευασμένοςΧοιρινόςΚιμάς800g,https://www.alphamega.com.cy/en/groceries/fresh-food/fresh-meat/pork/alphamega-fresh-to-go-pre-packed-pork-mince-800-g,Pork,Alpha Mega
ΑλφαμέγαΧοιρινέςΣεφταλιές850g,https://www.alphamega.com.cy/en/groceries/fresh-food/fresh-meat/pork/alphamega-pork-sheftalies-850-g,Pork,Alpha Mega
ΑλφαμέγαFreshToGoΧοιρινήΣούβλασεΣυσκευασία1kg,https://www.alphamega.com.cy/en/groceries/fresh-food/fresh-meat/pork/alphamega-fresh-to-go-pork-souvla-pre-packed-1-kg,Pork,Alpha Mega
ΑλφαμέγαFreshToGoΧοιρινέςΜπριζόλεςΛαιμούσεΣυσκευασία750g,https://www.alphamega.com.cy/en/groceries/fresh-food/fresh-meat/pork/alphamega-fresh-to-go-pork-neck-chops-pre-packed-750-g,Other meats,Alpha Mega
ChickenFarmΣτήθοςΦιλέτοΚοτόπουλου850g,https://www.alphamega.com.cy/en/groceries/fresh-food/fresh-meat/chicken/chicken-farm-chicken-breast-fillet-850-g,Poultry,Alpha Mega
ChickenFarmΝωπόΟλόκληροΚοτόπουλοΚομμένο2kg,https://www.alphamega.com.cy/en/groceries/fresh-food/fresh-meat/chicken/chicken-farm-fresh-whole-chicken-cut-2-kg,Poultry,Alpha Mega
ΑλφαμέγαΣυσκευασμένοΑρνίγιαΣούβλα1500g,https://www.alphamega.com.cy/en/groceries/fresh-food/fresh-meat/lamb/alphamega-pre-packed-lamb-for-souvla-1500-g,Lamb and goat,Alpha Mega
ΑλφαμέγαFreshToGoΜοσχαρίσιοςΚιμάςσεΣυσκευασία800g,https://www.alphamega.com.cy/en/groceries/fresh-food/fresh-meat/beef/alphamega-fresh-to-go-beef-mince-pre-packed-800-g,Beef and veal,Alpha Mega
ΦιλέτοΦρέσκουΣολομούΝορβηγίας250g,https://www.alphamega.com.cy/en/groceries/fresh-food/fresh-fish/fresh-norwegian-salmon-fillet-250-g-3,Fresh or chilled fish,Alpha Mega
ΦρέσκοΚυπριακόΛαβράκι550g,https://www.alphamega.com.cy/en/groceries/fresh-food/fresh-fish/fresh-local-sea-bass-550-g-3,Fresh or chilled fish,Alpha Mega
ΦρέσκιαΚυπριακήΤσιπούρα550g,https://www.alphamega.com.cy/en/groceries/fresh-food/fresh-fish/fresh-local-sea-bream-550-g-3,Fresh or chilled fish,Alpha Mega
LevantinaFishΤσιπούραΑπολεπισμένο&Καθαρισμένο700g,https://www.alphamega.com.cy/en/groceries/fresh-food/fresh-fish/levantina-fish-sea-bream-scaled-and-gutted-700-g,Fresh or chilled fish,Alpha Mega
MeggleUHTΠλήρεςΓάλαΜακρύςΔιάρκειας3.5%Λιπαρά1L,https://www.alphamega.com.cy/en/groceries/food-cupboard/hot-drinks-milk/long-life-milk/meggle-uht-whole-milk-3-5-fat-1-l,Preserved milk,Alpha Mega
LauraΟμοιογενοποιημένοΓάλα1.5%Λιπαρά1L,https://www.alphamega.com.cy/en/groceries/food-cupboard/hot-drinks-milk/long-life-milk/laura-uht-semi-skimmed-milk-1-5-fat-1-l,Preserved milk,Alpha Mega
ΛανίτηςΦρέσκοΓάλαΕλαφρύ1.5%Λιπαρά2L,https://www.alphamega.com.cy/en/groceries/chilled/fresh-milk-eggs/cows-milk/lanitis-fresh-milk-semi-skimmed-1-5-fat-2-l,Low fat Milk,Alpha Mega
ΛανίτηςΦρέσκοΓάλαΕλαφρύ1.5%Λιπαρά1.5L,https://www.alphamega.com.cy/en/groceries/chilled/fresh-milk-eggs/cows-milk/lanitis-fresh-milk-semi-skimmed-1-5-fat-1-5-l,Low fat Milk,Alpha Mega
ΧαραλαμπίδηςΚρίστηςΦρέσκοΓάλαDelact1.5%Λιπαρά2L,https://www.alphamega.com.cy/en/groceries/chilled/fresh-milk-eggs/cows-milk/charalambides-christis-fresh-milk-delact-1-5-fat-2-l,Low fat Milk,Alpha Mega
"ΧαραλαμπίδηςΚρίστηςΦρέσκοΓάλαΕλαφρύ,1.5%λιπαρά2L",https://www.alphamega.com.cy/en/groceries/chilled/fresh-milk-eggs/cows-milk/charalambides-christis-fresh-milk-light-1-5-fat-2-l,Low fat Milk,Alpha Mega
"ΧαραλαμπίδηςΚρίστηςΦρέσκοΓάλαΕλαφρύ,1.5%Λιπαρά1L",https://www.alphamega.com.cy/en/groceries/chilled/fresh-milk-eggs/cows-milk/charalambides-christis-fresh-milk-light-1-5-fat-1-l,Low fat Milk,Alpha Mega
"ΧαραλαμπίδηςΚρίστηςΦρέσκοΓάλαΕλαφρύ,1.5%Λιπαρά1.5L",https://www.alphamega.com.cy/en/groceries/chilled/fresh-milk-eggs/cows-milk/charalambides-christis-fresh-milk-light-1-5-fat-1-5-l,Low fat Milk,Alpha Mega
ΛανίτηςΦρέσκοΓάλα3%Λιπαρά2L,https://www.alphamega.com.cy/en/groceries/chilled/fresh-milk-eggs/cows-milk/lanitis-fresh-milk-3-fat-2-l,Whole Milk,Alpha Mega
"ΧαραλαμπίδηςΚρίστηςφρέσκογάλαΠλήρες,3%λιπαρά2L",https://www.alphamega.com.cy/en/groceries/chilled/fresh-milk-eggs/cows-milk/charalambides-christis-fresh-milk-full-fat-3-fat-2-l,Whole Milk,Alpha Mega
ΧαραλαμπίδηςΚρίστηςΑυθεντικόΓιαούρτιΣτραγγάτοLight1kg,https://www.alphamega.com.cy/en/groceries/chilled/yoghurt-desserts/plain-yoghurt/charalambides-christis-straggato-light-yoghurt-1-kg,Yogurt,Alpha Mega
ZitaSuperΣτραγγιστόΓιαούρτι1kg,https://www.alphamega.com.cy/en/groceries/chilled/yoghurt-desserts/plain-yoghurt/zita-super-strained-yoghurt-1-kg,Yogurt,Alpha Mega
ZitaΣτραγγιστόΆπαχοΓιαούρτι0%Λιπαρά1kg,https://www.alphamega.com.cy/en/groceries/chilled/yoghurt-desserts/plain-yoghurt/zita-light-strained-yoghurt-1-kg,Yogurt,Alpha Mega
ΧαραλαμπίδηςΚρίστηςΣτραγγιστόΓιαούρτι«Στραγγάτο»0%Λιπαρά1kg,https://www.alphamega.com.cy/en/groceries/chilled/yoghurt-desserts/plain-yoghurt/zita-strained-fat-free-yoghurt-0-fat-1-kg,Yogurt,Alpha Mega
AlambraΠρόβειοΓιαούρτι700g,https://www.alphamega.com.cy/en/groceries/chilled/yoghurt-desserts/traditional-yoghurt/alambra-traditional-sheeps-yoghurt-700-g,Yogurt,Alpha Mega
LurpakΒούτυροΑνάλατο250g,https://www.alphamega.com.cy/en/groceries/chilled/butter-margarine/cooking-butter/lurpak-unsalted-butter-250-g,Butter,Alpha Mega
KerrygoldΑγνόΙρλανδικόΒούτυροAλατισμένο250g,https://www.alphamega.com.cy/en/groceries/chilled/butter-margarine/cooking-butter/kerrygold-pure-irish-salted-butter-250-g,Butter,Alpha Mega
LurpakΒούτυροΕλαφρώςΑλατισμένο250g,https://www.alphamega.com.cy/en/groceries/chilled/butter-margarine/cooking-butter/lurpak-slightly-salted-butter-250-g,Butter,Alpha Mega
VitaliteΦυτικόΆλειμμα500g,https://www.alphamega.com.cy/en/groceries/chilled/butter-margarine/margarine/vitalite-margarine-original-500-g,Margarine and other vegetable fats,Alpha Mega
CharalambidesChristisΜαργαρίνηOriginal500g,https://www.alphamega.com.cy/en/groceries/chilled/butter-margarine/margarine/charalambides-christis-margarine-original-500-g,Margarine and other vegetable fats,Alpha Mega
CharalambidesChristisΜαργαρίνηLight500g,https://www.alphamega.com.cy/en/groceries/chilled/butter-margarine/margarine/charalambides-christis-margarine-light-500-g,Margarine and other vegetable fats,Alpha Mega
FloraOriginalΜαργαρίνη100%Φυτικό450g,https://www.alphamega.com.cy/en/groceries/chilled/butter-margarine/margarine/flora-original-margarine-450-g,Margarine and other vegetable fats,Alpha Mega
FloraLightΜαργαρίνη100%Φυτικό450g,https://www.alphamega.com.cy/en/groceries/chilled/butter-margarine/margarine/flora-light-margarine-450-g,Margarine and other vegetable fats,Alpha Mega
Βιτάμ100%ΦυτικήΜαργαρίνημεΜειωμένεςΘερμίδες225g,https://www.alphamega.com.cy/en/groceries/chilled/butter-margarine/margarine/vitam-soft-light-margarine-225-g,Margarine and other vegetable fats,Alpha Mega
ΝικηφόρουΦρέσκαΑυγάΑχυρώναΜεγάλα12Τεμάχια,https://www.alphamega.com.cy/en/groceries/chilled/fresh-milk-eggs/eggs/nikiforou-fresh-eggs-large-size-12-pieces,Eggs,Alpha Mega
Αλφαμέγα Fresh To Go Μπιφτέκια Γαλοπούλας 600 g,https://www.alphamega.com.cy/el/προιοντα/fresh-food/fresh-meat/turkey/alphamega-fresh-to-go-turkey-burgers-600-g,Other meats,Alpha Mega
Αλφαμέγα Fresh To Go Χοιρινές Μπριζόλες με Μεξικάνικη Μαρινάδα 750 g,https://www.alphamega.com.cy/el/προιοντα/fresh-food/fresh-meat/pork/alphamega-fresh-to-go-pork-chops-with-mexican-marinade-750-g,Other meats,Alpha Mega
Αλφαμέγα Fresh To Go Χοιρινό Παναρισμένο 500 g,https://www.alphamega.com.cy/el/προιοντα/fresh-food/fresh-meat/pork/alphamega-fresh-to-go-pork-schnitzel-500-g,Other meats,Alpha Mega
Αλφαμέγα Fresh To Go Χοιρινά Στηθόπλευρα με Μαρινάδα Τέξας 700 g,https://www.alphamega.com.cy/el/προιοντα/fresh-food/fresh-meat/pork/alphamega-fresh-to-go-pork-spare-ribs-with-texas-marinade-700-g,Other meats,Alpha Mega
Αλφαμέγα Fresh To Go Χοιρινά Μπιφτέκια 600 g,https://www.alphamega.com.cy/el/προιοντα/fresh-food/fresh-meat/pork/alphamega-fresh-to-go-hamburgers-600-g,Other meats,Alpha Mega
Alambra Τυρί Cottage 4% Λιπαρά 200 g,https://www.alphamega.com.cy/en/groceries/chilled/cheese-haloumi-spreads/cottage-sour-cream-mascarpone/alambra-cottage-cheese-4-fat-200-g,Cheese and Curd,Alpha Mega
"Alambra ""H Γιαγιά"" Παραδοσιακό Αιγινό Χαλλούμι Π.Ο.Π 600 g",https://www.alphamega.com.cy/en/groceries/chilled/cheese-haloumi-spreads/haloumi-cheese/alambra-traditional-goats-halloumi-p-d-o-600-g,Cheese and Curd,Alpha Mega
Δωδώνη Φέτα σε ’λμη 400 g,https://www.alphamega.com.cy/en/groceries/chilled/cheese-haloumi-spreads/feta-cheese/dodoni-feta-in-brine-400-g,Cheese and Curd,Alpha Mega
Χαραλαμπίδης Κρίστης Πρόβειο Πισσουρκώτικο Χωριάτικο Χαλλούμι Π.Ο.Π 250 g,https://www.alphamega.com.cy/en/groceries/chilled/cheese-haloumi-spreads/haloumi-cheese/charalambides-christis-traditional-pissourkotiko-sheeps-milk-halloumi-p-d-o-250-g,Cheese and Curd,Alpha Mega
Dirollo Τυρί Cottage 225 g,https://www.alphamega.com.cy/en/groceries/chilled/cheese-haloumi-spreads/cottage-sour-cream-mascarpone/dirollo-cottage-cheese-225-g,Cheese and Curd,Alpha Mega
La Vache Qui Rit Κλασσική Γεύση 8 Τυράκια που Αλείφονται 128 g,https://www.alphamega.com.cy/en/groceries/chilled/cheese-haloumi-spreads/cheese-cream-spread/la-vache-qui-rit-original-8-spreadable-cheeses-128-g,Cheese and Curd,Alpha Mega
Philadelphia Αλειφόμενο Τυρί Χαμηλό σε λιπαρά 200 g,https://www.alphamega.com.cy/en/groceries/chilled/cheese-haloumi-spreads/cheese-cream-spread/philadelphia-spreadable-light-cream-cheese-200-g,Cheese and Curd,Alpha Mega
Philadelphia Original Τυρί Κρέμα 200 g,https://www.alphamega.com.cy/en/groceries/chilled/cheese-haloumi-spreads/cheese-cream-spread/philadelphia-original-cream-cheese-200-g,Cheese and Curd,Alpha Mega
Vepo Τυρί Ένταμ σε Φέτες 200 g,https://www.alphamega.com.cy/en/groceries/chilled/cheese-haloumi-spreads/sliced-grated-cheese/vepo-edam-cheese-slices-200-g,Cheese and Curd,Alpha Mega
Vepo Τυρί Gouda σε Φέτες 200 g,https://www.alphamega.com.cy/en/groceries/chilled/cold-cuts-sausages/cold-cuts/gregoriou-ham-300-g,Cheese and Curd,Alpha Mega
Χρυσοδάλια Λούντζα Καπνιστή 300 g,https://www.alphamega.com.cy/en/groceries/chilled/cold-cuts-sausages/cold-cuts/chrysodalia-smoked-pork-loin-300-g,"Dried, salted or smoked meat",Alpha Mega
Χρυσοδάλια Καπνιστό Στήθος Γαλοπούλας 200 g,https://www.alphamega.com.cy/en/groceries/chilled/cold-cuts-sausages/cold-cuts/chrysodalia-smoked-turkey-breast-200-g,"Dried, salted or smoked meat",Alpha Mega
Γρηγορίου Λούντζα σε Φέτες 150 g,https://www.alphamega.com.cy/en/groceries/chilled/cold-cuts-sausages/cold-cuts/gregoriou-smoked-pork-loin-slices-150-g,"Dried, salted or smoked meat",Alpha Mega
Γρηγορίου Σαλάμι Extra 300 g,https://www.alphamega.com.cy/en/groceries/chilled/cold-cuts-sausages/cold-cuts/gregoriou-salami-extra-300-g,"Dried, salted or smoked meat",Alpha Mega
Γρηγορίου Καπνιστό Μπέικον 150 g,https://www.alphamega.com.cy/en/groceries/chilled/cold-cuts-sausages/cold-cuts/gregoriou-streaky-bacon-150-g,"Dried, salted or smoked meat",Alpha Mega
Γρηγορίου Καπνιστό Στήθος Γαλοπούλας 100 g,https://www.alphamega.com.cy/en/groceries/chilled/cold-cuts-sausages/cold-cuts/gregoriou-smoked-turkey-200-g,"Dried, salted or smoked meat",Alpha Mega
Excellent Houseware Εργαλεία Κουζίνας σε Βάση 30 cm 5 Τεμάχια,https://www.alphamega.com.cy/el/προιοντα/ειδη-σπιτιου/κουζινικα-ειδη/ξυλινα-αξεσουαρ-κουζινας/excellent-houseware-εργαλεια-κουζινας-σε-βαση-30-cm-5-τεμαχια,Non-Electric Kitchen Utensils and Articles,Alpha Mega
Metaltex Ξύλο Κοπής Λαχανικών Μπαμπού 35x25 cm,https://www.alphamega.com.cy/el/προιοντα/ειδη-σπιτιου/κουζινικα-ειδη/ξυλινα-αξεσουαρ-κουζινας/metaltex-ξυλο-κοπης-λαχανικων-μπαμπου-35x25-cm-1,Non-Electric Kitchen Utensils and Articles,Alpha Mega
Tefal Unlimited Τηγάνι 20 cm CE,https://www.alphamega.com.cy/el/προιοντα/ειδη-σπιτιου/κουζινικα-ειδη/κατσαρολες-τηγανια/tefal-unlimited-τηγανι-20-cm-ce,Non-Electric Kitchen Utensils and Articles,Alpha Mega
Berlinger Haus Κατσαρόλα με Καπάκι 16x8 cm,https://www.alphamega.com.cy/el/προιοντα/ειδη-σπιτιου/κουζινικα-ειδη/κατσαρολες-τηγανια/berlinger-haus-κατσαρολα-με-καπακι-16x8-cm,Non-Electric Kitchen Utensils and Articles,Alpha Mega
Fackelmann Αποφλοιωτής Λαχανικών από Ανοξείδωτο Ατσάλι,https://www.alphamega.com.cy/el/προιοντα/ειδη-σπιτιου/κουζινικα-ειδη/εργαλεια-κουζινας/fackelmann-αποφλοιωτης-λαχανικων-απο-ανοξειδωτο-ατσαλι,Non-Electric Kitchen Utensils and Articles,Alpha Mega
Morphy Richards Μπλέντερ Χειρός 600 W CE,https://www.alphamega.com.cy/el/προιοντα/ειδη-σπιτιου/ηλεκτρικες-συσκευες/συσκευες-κουζινας/morphy-richards-μπλεντερ-χειρος-600-w-ce,Other Small Electric Household Appliances,Alpha Mega
Matester Φραπέ Μίξερ μαύρο 100 watt CE,https://www.alphamega.com.cy/el/προιοντα/ειδη-σπιτιου/ηλεκτρικες-συσκευες/συσκευες-κουζινας/matester-φραπε-μιξερ-μαυρο-100-watt-ce,Other Small Electric Household Appliances,Alpha Mega
Tatay Βούρτσα Τουαλέτας Taupe,https://www.alphamega.com.cy/el/προιοντα/ειδη-σπιτιου/ειδη-μπανιου/αξεσουαρ-μπανιου/tatay-βουρτσα-τουαλετας-taupe,Repair of Household Appliances,Alpha Mega
Tatay Τηλέφωνο Μπάνιου Bombay 10 cm,https://www.alphamega.com.cy/el/προιοντα/ειδη-σπιτιου/ειδη-μπανιου/αξεσουαρ-μπανιου/tatay-τηλεφωνο-μπανιου-bombay-10-cm,Repair of Household Appliances,Alpha Mega
Tatay PVC Εύκαμπτος Σωλήνας Ντους Γκρί 2 m,https://www.alphamega.com.cy/el/προιοντα/ειδη-σπιτιου/ειδη-μπανιου/αξεσουαρ-μπανιου/tatay-pvc-ευκαμπτος-σωληνας-ντους-γκρι-2-m,Repair of Household Appliances,Alpha Mega
Canderel με Γλυκαντικό από Εκχύλισμα του Φυτού Stevia 100 Δισκία,https://www.alphamega.com.cy/el/προιοντα/τροφιμα/μαγειρικη/ζαχαρη-γλυκαντικα/canderel-με-γλυκαντικο-απο-εκχυλισμα-του-φυτου-stevia-100-δισκια,artificial sugar substitutes,Alpha Mega
Splenda Εναλλακτικό Ζάχαρης 75 g,https://www.alphamega.com.cy/el/προιοντα/τροφιμα/μαγειρικη/ζαχαρη-γλυκαντικα/splenda-εναλλακτικο-ζαχαρης-75-g,artificial sugar substitutes,Alpha Mega
Γιώτης Sweet & Balance Επιτραπέζιο Γλυκαντικό σε Σκόνη 80 g,https://www.alphamega.com.cy/el/προιοντα/τροφιμα/μαγειρικη/ζαχαρη-γλυκαντικα/γιωτης-sweet-balance-επιτραπεζιο-γλυκαντικο-σε-σκονη-80-g,artificial sugar substitutes,Alpha Mega
Casino Σουκραλόζη Γλυκαντικό σε Σκόνη 75 g,https://www.alphamega.com.cy/el/προιοντα/τροφιμα/μαγειρικη/ζαχαρη-γλυκαντικα/casino-σουκραλοζη-γλυκαντικο-σε-σκονη-75-g,artificial sugar substitutes,Alpha Mega
3A Quinoa 400 g,https://www.alphamega.com.cy/en/groceries/food-cupboard/pulses-cans-packet-soup/pulses-lentils-beans/3a-quinoa-400-g,other cereal products,Alpha Mega
Green Mama Bio Quinoa 400 g,https://www.alphamega.com.cy/en/groceries/food-cupboard/pasta-rice-noodles/rice-grains/green-mama-bio-quinoa-400-g,other cereal products,Alpha Mega
Green Mama Bio Chia Seeds 135 g,https://www.alphamega.com.cy/en/groceries/food-cupboard/dried-fruit-nuts/nuts/green-mama-bio-chia-seeds-135-g,other cereal products,Alpha Mega
3A Chia Seeds 400 g,https://www.alphamega.com.cy/en/groceries/food-cupboard/dried-fruit-nuts/nuts/3a-chia-seeds-400-g,other cereal products,Alpha Mega
Garnier Fructis Style Structure Gel Έξτρα Δυνατό Κράτημα No.3 με Εκχύλισμα Μπαμπού 200 ml,https://www.alphamega.com.cy/el/προιοντα/φροντιδα/περιποιηση-μαλλιων/σπρει-στιλ-μαλλιων/garnier-fructis-style-structure-gel-εξτρα-δυνατο-κρατημα-no-3-με-εκχυλισμα-μπαμπου-200-ml,personal grooming treatments,Alpha Mega
John Frieda Frizz Σπρέϊ Καθημερινού Φορμαρίσματος Dream Curls 200 ml,https://www.alphamega.com.cy/el/προιοντα/φροντιδα/περιποιηση-μαλλιων/σπρει-στιλ-μαλλιων/john-frieda-frizz-σπρει-καθημερινου-φορμαρισματος-dream-curls-200-ml,personal grooming treatments,Alpha Mega
Supra Τζελ Μαλλιών Πολύ δυνατό Κράτημα 300 ml,https://www.alphamega.com.cy/el/προιοντα/φροντιδα/περιποιηση-μαλλιων/σπρει-στιλ-μαλλιων/supra-τζελ-μαλλιων-πολυ-δυνατο-κρατημα-300-ml,personal grooming treatments,Alpha Mega
L 'Oreal Paris The Curl Tonic με Εκχύλισμα Goji 200 ml,https://www.alphamega.com.cy/el/προιοντα/φροντιδα/περιποιηση-μαλλιων/σπρει-στιλ-μαλλιων/l-oreal-paris-the-curl-tonic-με-εκχυλισμα-goji-200-ml,personal grooming treatments,Alpha Mega
Supra Λακ μαλλιών Κανονικό Κράτημα 300 ml,https://www.alphamega.com.cy/el/προιοντα/φροντιδα/περιποιηση-μαλλιων/σπρει-στιλ-μαλλιων/supra-λακ-μαλλιων-κανονικο-κρατημα-300-ml,personal grooming treatments,Alpha Mega